state	direction	identifier	protocol_id
configuration	clientbound	minecraft:cookie_request	0
configuration	clientbound	minecraft:custom_payload	1
configuration	clientbound	minecraft:disconnect	2
configuration	clientbound	minecraft:finish_configuration	3
configuration	clientbound	minecraft:keep_alive	4
configuration	clientbound	minecraft:ping	5
configuration	clientbound	minecraft:reset_chat	6
configuration	clientbound	minecraft:registry_data	7
configuration	clientbound	minecraft:resource_pack_pop	8
configuration	clientbound	minecraft:resource_pack_push	9
configuration	clientbound	minecraft:post_effects	10
configuration	clientbound	minecraft:store_cookie	11
configuration	clientbound	minecraft:transfer	12
configuration	clientbound	minecraft:update_enabled_features	13
configuration	clientbound	minecraft:update_tags	14
configuration	clientbound	minecraft:select_known_packs	15
configuration	clientbound	minecraft:custom_report_details	16
configuration	clientbound	minecraft:server_links	17
configuration	clientbound	minecraft:clear_dialog	18
configuration	clientbound	minecraft:show_dialog	19
configuration	clientbound	minecraft:code_of_conduct	20
configuration	serverbound	minecraft:client_information	0
configuration	serverbound	minecraft:cookie_response	1
configuration	serverbound	minecraft:custom_payload	2
configuration	serverbound	minecraft:finish_configuration	3
configuration	serverbound	minecraft:keep_alive	4
configuration	serverbound	minecraft:pong	5
configuration	serverbound	minecraft:resource_pack	6
configuration	serverbound	minecraft:select_known_packs	7
configuration	serverbound	minecraft:custom_click_action	8
configuration	serverbound	minecraft:accept_code_of_conduct	9
handshake	serverbound	minecraft:intention	0
login	clientbound	minecraft:login_disconnect	0
login	clientbound	minecraft:hello	1
login	clientbound	minecraft:login_finished	2
login	clientbound	minecraft:login_compression	3
login	clientbound	minecraft:custom_query	4
login	clientbound	minecraft:cookie_request	5
login	serverbound	minecraft:hello	0
login	serverbound	minecraft:key	1
login	serverbound	minecraft:custom_query_answer	2
login	serverbound	minecraft:login_acknowledged	3
login	serverbound	minecraft:cookie_response	4
play	clientbound	minecraft:bundle_delimiter	0
play	clientbound	minecraft:add_entity	1
play	clientbound	minecraft:animate	2
play	clientbound	minecraft:award_stats	3
play	clientbound	minecraft:block_changed_ack	4
play	clientbound	minecraft:block_destruction	5
play	clientbound	minecraft:block_entity_data	6
play	clientbound	minecraft:block_event	7
play	clientbound	minecraft:block_update	8
play	clientbound	minecraft:boss_event	9
play	clientbound	minecraft:change_difficulty	10
play	clientbound	minecraft:chunk_batch_finished	11
play	clientbound	minecraft:chunk_batch_start	12
play	clientbound	minecraft:chunks_biomes	13
play	clientbound	minecraft:clear_titles	14
play	clientbound	minecraft:command_suggestions	15
play	clientbound	minecraft:commands	16
play	clientbound	minecraft:container_close	17
play	clientbound	minecraft:container_set_content	18
play	clientbound	minecraft:container_set_data	19
play	clientbound	minecraft:container_set_slot	20
play	clientbound	minecraft:cookie_request	21
play	clientbound	minecraft:cooldown	22
play	clientbound	minecraft:custom_chat_completions	23
play	clientbound	minecraft:custom_payload	24
play	clientbound	minecraft:damage_event	25
play	clientbound	minecraft:debug/block_value	26
play	clientbound	minecraft:debug/chunk_value	27
play	clientbound	minecraft:debug/entity_value	28
play	clientbound	minecraft:debug/event	29
play	clientbound	minecraft:debug_sample	30
play	clientbound	minecraft:delete_chat	31
play	clientbound	minecraft:disconnect	32
play	clientbound	minecraft:disguised_chat	33
play	clientbound	minecraft:entity_event	34
play	clientbound	minecraft:entity_position_sync	35
play	clientbound	minecraft:explode	36
play	clientbound	minecraft:add_transient_block	37
play	clientbound	minecraft:forget_level_chunk	38
play	clientbound	minecraft:game_event	39
play	clientbound	minecraft:game_rule_values	40
play	clientbound	minecraft:game_test_highlight_pos	41
play	clientbound	minecraft:mount_screen_open	42
play	clientbound	minecraft:hurt_animation	43
play	clientbound	minecraft:initialize_border	44
play	clientbound	minecraft:keep_alive	45
play	clientbound	minecraft:level_chunk_with_light	46
play	clientbound	minecraft:level_event	47
play	clientbound	minecraft:level_particles	48
play	clientbound	minecraft:light_update	49
play	clientbound	minecraft:login	50
play	clientbound	minecraft:low_disk_space_warning	51
play	clientbound	minecraft:map_item_data	52
play	clientbound	minecraft:merchant_offers	53
play	clientbound	minecraft:move_entity_pos	54
play	clientbound	minecraft:move_entity_pos_rot	55
play	clientbound	minecraft:move_minecart_along_track	56
play	clientbound	minecraft:move_entity_rot	57
play	clientbound	minecraft:move_vehicle	58
play	clientbound	minecraft:open_book	59
play	clientbound	minecraft:open_screen	60
play	clientbound	minecraft:open_sign_editor	61
play	clientbound	minecraft:ping	62
play	clientbound	minecraft:pong_response	63
play	clientbound	minecraft:place_ghost_recipe	64
play	clientbound	minecraft:player_abilities	65
play	clientbound	minecraft:player_chat	66
play	clientbound	minecraft:player_combat_end	67
play	clientbound	minecraft:player_combat_enter	68
play	clientbound	minecraft:player_combat_kill	69
play	clientbound	minecraft:player_info_remove	70
play	clientbound	minecraft:player_info_update	71
play	clientbound	minecraft:player_look_at	72
play	clientbound	minecraft:player_position	73
play	clientbound	minecraft:player_rotation	74
play	clientbound	minecraft:recipe_book_add	75
play	clientbound	minecraft:recipe_book_remove	76
play	clientbound	minecraft:recipe_book_settings	77
play	clientbound	minecraft:remove_entities	78
play	clientbound	minecraft:remove_mob_effect	79
play	clientbound	minecraft:reset_score	80
play	clientbound	minecraft:resource_pack_pop	81
play	clientbound	minecraft:resource_pack_push	82
play	clientbound	minecraft:post_effects	83
play	clientbound	minecraft:respawn	84
play	clientbound	minecraft:rotate_head	85
play	clientbound	minecraft:section_blocks_update	86
play	clientbound	minecraft:select_advancements_tab	87
play	clientbound	minecraft:server_data	88
play	clientbound	minecraft:set_action_bar_text	89
play	clientbound	minecraft:set_border_center	90
play	clientbound	minecraft:set_border_lerp_size	91
play	clientbound	minecraft:set_border_size	92
play	clientbound	minecraft:set_border_warning_delay	93
play	clientbound	minecraft:set_border_warning_distance	94
play	clientbound	minecraft:set_camera	95
play	clientbound	minecraft:set_chunk_cache_center	96
play	clientbound	minecraft:set_chunk_cache_radius	97
play	clientbound	minecraft:set_cursor_item	98
play	clientbound	minecraft:set_default_spawn_position	99
play	clientbound	minecraft:set_display_objective	100
play	clientbound	minecraft:set_entity_data	101
play	clientbound	minecraft:set_entity_link	102
play	clientbound	minecraft:set_entity_motion	103
play	clientbound	minecraft:set_equipment	104
play	clientbound	minecraft:set_experience	105
play	clientbound	minecraft:set_health	106
play	clientbound	minecraft:set_held_slot	107
play	clientbound	minecraft:set_objective	108
play	clientbound	minecraft:set_passengers	109
play	clientbound	minecraft:set_player_inventory	110
play	clientbound	minecraft:set_player_team	111
play	clientbound	minecraft:set_score	112
play	clientbound	minecraft:set_simulation_distance	113
play	clientbound	minecraft:set_subtitle_text	114
play	clientbound	minecraft:set_time	115
play	clientbound	minecraft:set_title_text	116
play	clientbound	minecraft:set_titles_animation	117
play	clientbound	minecraft:sound_entity	118
play	clientbound	minecraft:sound	119
play	clientbound	minecraft:start_configuration	120
play	clientbound	minecraft:stop_sound	121
play	clientbound	minecraft:store_cookie	122
play	clientbound	minecraft:swing_animation	123
play	clientbound	minecraft:system_chat	124
play	clientbound	minecraft:tab_list	125
play	clientbound	minecraft:tag_query	126
play	clientbound	minecraft:take_item_entity	127
play	clientbound	minecraft:teleport_entity	128
play	clientbound	minecraft:test_instance_block_status	129
play	clientbound	minecraft:ticking_state	130
play	clientbound	minecraft:ticking_step	131
play	clientbound	minecraft:transfer	132
play	clientbound	minecraft:update_advancements	133
play	clientbound	minecraft:update_attributes	134
play	clientbound	minecraft:update_mob_effect	135
play	clientbound	minecraft:update_recipes	136
play	clientbound	minecraft:update_tags	137
play	clientbound	minecraft:projectile_power	138
play	clientbound	minecraft:custom_report_details	139
play	clientbound	minecraft:server_links	140
play	clientbound	minecraft:waypoint	141
play	clientbound	minecraft:clear_dialog	142
play	clientbound	minecraft:show_dialog	143
play	serverbound	minecraft:accept_teleportation	0
play	serverbound	minecraft:attack	1
play	serverbound	minecraft:block_entity_tag_query	2
play	serverbound	minecraft:bundle_item_selected	3
play	serverbound	minecraft:change_difficulty	4
play	serverbound	minecraft:change_game_mode	5
play	serverbound	minecraft:chat_ack	6
play	serverbound	minecraft:chat_command	7
play	serverbound	minecraft:chat_command_signed	8
play	serverbound	minecraft:chat	9
play	serverbound	minecraft:chat_session_update	10
play	serverbound	minecraft:chunk_batch_received	11
play	serverbound	minecraft:client_command	12
play	serverbound	minecraft:client_tick_end	13
play	serverbound	minecraft:client_information	14
play	serverbound	minecraft:command_suggestion	15
play	serverbound	minecraft:configuration_acknowledged	16
play	serverbound	minecraft:container_button_click	17
play	serverbound	minecraft:container_click	18
play	serverbound	minecraft:container_close	19
play	serverbound	minecraft:container_slot_state_changed	20
play	serverbound	minecraft:cookie_response	21
play	serverbound	minecraft:custom_payload	22
play	serverbound	minecraft:debug_subscription_request	23
play	serverbound	minecraft:edit_book	24
play	serverbound	minecraft:entity_tag_query	25
play	serverbound	minecraft:interact	26
play	serverbound	minecraft:jigsaw_generate	27
play	serverbound	minecraft:keep_alive	28
play	serverbound	minecraft:lock_difficulty	29
play	serverbound	minecraft:move_player_pos	30
play	serverbound	minecraft:move_player_pos_rot	31
play	serverbound	minecraft:move_player_rot	32
play	serverbound	minecraft:move_player_status_only	33
play	serverbound	minecraft:move_vehicle	34
play	serverbound	minecraft:paddle_boat	35
play	serverbound	minecraft:pick_item_from_block	36
play	serverbound	minecraft:pick_item_from_entity	37
play	serverbound	minecraft:ping_request	38
play	serverbound	minecraft:place_recipe	39
play	serverbound	minecraft:player_abilities	40
play	serverbound	minecraft:player_action	41
play	serverbound	minecraft:player_command	42
play	serverbound	minecraft:player_input	43
play	serverbound	minecraft:player_loaded	44
play	serverbound	minecraft:pong	45
play	serverbound	minecraft:punch	46
play	serverbound	minecraft:recipe_book_change_settings	47
play	serverbound	minecraft:recipe_book_seen_recipe	48
play	serverbound	minecraft:rename_item	49
play	serverbound	minecraft:resource_pack	50
play	serverbound	minecraft:seen_advancements	51
play	serverbound	minecraft:select_trade	52
play	serverbound	minecraft:set_beacon	53
play	serverbound	minecraft:set_carried_item	54
play	serverbound	minecraft:set_command_block	55
play	serverbound	minecraft:set_command_minecart	56
play	serverbound	minecraft:set_creative_mode_slot	57
play	serverbound	minecraft:set_game_rule	58
play	serverbound	minecraft:set_jigsaw_block	59
play	serverbound	minecraft:set_structure_block	60
play	serverbound	minecraft:set_test_block	61
play	serverbound	minecraft:sign_update	62
play	serverbound	minecraft:spectator_action	63
play	serverbound	minecraft:teleport_to_entity	64
play	serverbound	minecraft:test_instance_block_action	65
play	serverbound	minecraft:use_item_on	66
play	serverbound	minecraft:use_item	67
play	serverbound	minecraft:custom_click_action	68
status	clientbound	minecraft:status_response	0
status	clientbound	minecraft:pong_response	1
status	serverbound	minecraft:status_request	0
status	serverbound	minecraft:ping_request	1
