name	parameter_schema_json	result_schema_json
minecraft:allowlist	[]	{"name":"allowlist","schema":{"items":{"$ref":"#/components/schemas/player"},"type":"array"}}
minecraft:allowlist/add	[{"name":"add","required":true,"schema":{"items":{"$ref":"#/components/schemas/player"},"type":"array"}}]	{"name":"allowlist","schema":{"items":{"$ref":"#/components/schemas/player"},"type":"array"}}
minecraft:allowlist/clear	[]	{"name":"allowlist","schema":{"items":{"$ref":"#/components/schemas/player"},"type":"array"}}
minecraft:allowlist/remove	[{"name":"remove","required":true,"schema":{"items":{"$ref":"#/components/schemas/player"},"type":"array"}}]	{"name":"allowlist","schema":{"items":{"$ref":"#/components/schemas/player"},"type":"array"}}
minecraft:allowlist/set	[{"name":"players","required":true,"schema":{"items":{"$ref":"#/components/schemas/player"},"type":"array"}}]	{"name":"allowlist","schema":{"items":{"$ref":"#/components/schemas/player"},"type":"array"}}
minecraft:bans	[]	{"name":"banlist","schema":{"items":{"$ref":"#/components/schemas/user_ban"},"type":"array"}}
minecraft:bans/add	[{"name":"add","required":true,"schema":{"items":{"$ref":"#/components/schemas/user_ban"},"type":"array"}}]	{"name":"banlist","schema":{"items":{"$ref":"#/components/schemas/user_ban"},"type":"array"}}
minecraft:bans/clear	[]	{"name":"banlist","schema":{"items":{"$ref":"#/components/schemas/user_ban"},"type":"array"}}
minecraft:bans/remove	[{"name":"remove","required":true,"schema":{"items":{"$ref":"#/components/schemas/player"},"type":"array"}}]	{"name":"banlist","schema":{"items":{"$ref":"#/components/schemas/user_ban"},"type":"array"}}
minecraft:bans/set	[{"name":"bans","required":true,"schema":{"items":{"$ref":"#/components/schemas/user_ban"},"type":"array"}}]	{"name":"banlist","schema":{"items":{"$ref":"#/components/schemas/user_ban"},"type":"array"}}
minecraft:gamerules	[]	{"name":"gamerules","schema":{"items":{"$ref":"#/components/schemas/typed_game_rule"},"type":"array"}}
minecraft:gamerules/update	[{"name":"gamerule","required":true,"schema":{"$ref":"#/components/schemas/untyped_game_rule"}}]	{"name":"gamerule","schema":{"$ref":"#/components/schemas/typed_game_rule"}}
minecraft:ip_bans	[]	{"name":"banlist","schema":{"items":{"$ref":"#/components/schemas/ip_ban"},"type":"array"}}
minecraft:ip_bans/add	[{"name":"add","required":true,"schema":{"items":{"$ref":"#/components/schemas/incoming_ip_ban"},"type":"array"}}]	{"name":"banlist","schema":{"items":{"$ref":"#/components/schemas/ip_ban"},"type":"array"}}
minecraft:ip_bans/clear	[]	{"name":"banlist","schema":{"items":{"$ref":"#/components/schemas/ip_ban"},"type":"array"}}
minecraft:ip_bans/remove	[{"name":"ip","required":true,"schema":{"items":{"type":"string"},"type":"array"}}]	{"name":"banlist","schema":{"items":{"$ref":"#/components/schemas/ip_ban"},"type":"array"}}
minecraft:ip_bans/set	[{"name":"banlist","required":true,"schema":{"items":{"$ref":"#/components/schemas/ip_ban"},"type":"array"}}]	{"name":"banlist","schema":{"items":{"$ref":"#/components/schemas/ip_ban"},"type":"array"}}
minecraft:notification/allowlist/added	[{"name":"player","required":true,"schema":{"$ref":"#/components/schemas/player"}}]	{}
minecraft:notification/allowlist/removed	[{"name":"player","required":true,"schema":{"$ref":"#/components/schemas/player"}}]	{}
minecraft:notification/bans/added	[{"name":"player","required":true,"schema":{"$ref":"#/components/schemas/user_ban"}}]	{}
minecraft:notification/bans/removed	[{"name":"player","required":true,"schema":{"$ref":"#/components/schemas/player"}}]	{}
minecraft:notification/gamerules/updated	[{"name":"gamerule","required":true,"schema":{"$ref":"#/components/schemas/typed_game_rule"}}]	{}
minecraft:notification/ip_bans/added	[{"name":"player","required":true,"schema":{"$ref":"#/components/schemas/ip_ban"}}]	{}
minecraft:notification/ip_bans/removed	[{"name":"player","required":true,"schema":{"type":"string"}}]	{}
minecraft:notification/operators/added	[{"name":"player","required":true,"schema":{"$ref":"#/components/schemas/operator"}}]	{}
minecraft:notification/operators/removed	[{"name":"player","required":true,"schema":{"$ref":"#/components/schemas/operator"}}]	{}
minecraft:notification/players/joined	[{"name":"player","required":true,"schema":{"$ref":"#/components/schemas/player"}}]	{}
minecraft:notification/players/left	[{"name":"player","required":true,"schema":{"$ref":"#/components/schemas/player"}}]	{}
minecraft:notification/server/activity	[]	{}
minecraft:notification/server/saved	[]	{}
minecraft:notification/server/saving	[]	{}
minecraft:notification/server/started	[]	{}
minecraft:notification/server/status	[{"name":"status","required":true,"schema":{"$ref":"#/components/schemas/server_state"}}]	{}
minecraft:notification/server/stopping	[]	{}
minecraft:notification/world/upgrade_failed	[{"name":"reason","required":true,"schema":{"type":"string"}}]	{}
minecraft:notification/world/upgrade_finished	[]	{}
minecraft:notification/world/upgrade_progress	[{"name":"progress","required":true,"schema":{"type":"number"}}]	{}
minecraft:notification/world/upgrade_started	[]	{}
minecraft:operators	[]	{"name":"operators","schema":{"items":{"$ref":"#/components/schemas/operator"},"type":"array"}}
minecraft:operators/add	[{"name":"add","required":true,"schema":{"items":{"$ref":"#/components/schemas/operator"},"type":"array"}}]	{"name":"operators","schema":{"items":{"$ref":"#/components/schemas/operator"},"type":"array"}}
minecraft:operators/clear	[]	{"name":"operators","schema":{"items":{"$ref":"#/components/schemas/operator"},"type":"array"}}
minecraft:operators/remove	[{"name":"remove","required":true,"schema":{"items":{"$ref":"#/components/schemas/player"},"type":"array"}}]	{"name":"operators","schema":{"items":{"$ref":"#/components/schemas/operator"},"type":"array"}}
minecraft:operators/set	[{"name":"operators","required":true,"schema":{"items":{"$ref":"#/components/schemas/operator"},"type":"array"}}]	{"name":"operators","schema":{"items":{"$ref":"#/components/schemas/operator"},"type":"array"}}
minecraft:players	[]	{"name":"players","schema":{"items":{"$ref":"#/components/schemas/player"},"type":"array"}}
minecraft:players/kick	[{"name":"kick","required":true,"schema":{"items":{"$ref":"#/components/schemas/kick_player"},"type":"array"}}]	{"name":"kicked","schema":{"items":{"$ref":"#/components/schemas/player"},"type":"array"}}
minecraft:server/save	[{"name":"flush","required":true,"schema":{"type":"boolean"}}]	{"name":"saving","schema":{"type":"boolean"}}
minecraft:server/status	[]	{"name":"status","schema":{"$ref":"#/components/schemas/server_state"}}
minecraft:server/stop	[]	{"name":"stopping","schema":{"type":"boolean"}}
minecraft:server/system_message	[{"name":"message","required":true,"schema":{"$ref":"#/components/schemas/system_message"}}]	{"name":"sent","schema":{"type":"boolean"}}
minecraft:serversettings/accept_transfers	[]	{"name":"accepted","schema":{"type":"boolean"}}
minecraft:serversettings/accept_transfers/set	[{"name":"accept","required":true,"schema":{"type":"boolean"}}]	{"name":"accepted","schema":{"type":"boolean"}}
minecraft:serversettings/allow_flight	[]	{"name":"allowed","schema":{"type":"boolean"}}
minecraft:serversettings/allow_flight/set	[{"name":"allow","required":true,"schema":{"type":"boolean"}}]	{"name":"allowed","schema":{"type":"boolean"}}
minecraft:serversettings/autosave	[]	{"name":"enabled","schema":{"type":"boolean"}}
minecraft:serversettings/autosave/set	[{"name":"enable","required":true,"schema":{"type":"boolean"}}]	{"name":"enabled","schema":{"type":"boolean"}}
minecraft:serversettings/difficulty	[]	{"name":"difficulty","schema":{"$ref":"#/components/schemas/difficulty"}}
minecraft:serversettings/difficulty/set	[{"name":"difficulty","required":true,"schema":{"$ref":"#/components/schemas/difficulty"}}]	{"name":"difficulty","schema":{"$ref":"#/components/schemas/difficulty"}}
minecraft:serversettings/enforce_allowlist	[]	{"name":"enforced","schema":{"type":"boolean"}}
minecraft:serversettings/enforce_allowlist/set	[{"name":"enforce","required":true,"schema":{"type":"boolean"}}]	{"name":"enforced","schema":{"type":"boolean"}}
minecraft:serversettings/entity_broadcast_range	[]	{"name":"percentage_points","schema":{"type":"integer"}}
minecraft:serversettings/entity_broadcast_range/set	[{"name":"percentage_points","required":true,"schema":{"type":"integer"}}]	{"name":"percentage_points","schema":{"type":"integer"}}
minecraft:serversettings/force_game_mode	[]	{"name":"forced","schema":{"type":"boolean"}}
minecraft:serversettings/force_game_mode/set	[{"name":"force","required":true,"schema":{"type":"boolean"}}]	{"name":"forced","schema":{"type":"boolean"}}
minecraft:serversettings/game_mode	[]	{"name":"mode","schema":{"$ref":"#/components/schemas/game_type"}}
minecraft:serversettings/game_mode/set	[{"name":"mode","required":true,"schema":{"$ref":"#/components/schemas/game_type"}}]	{"name":"mode","schema":{"$ref":"#/components/schemas/game_type"}}
minecraft:serversettings/hide_online_players	[]	{"name":"hidden","schema":{"type":"boolean"}}
minecraft:serversettings/hide_online_players/set	[{"name":"hide","required":true,"schema":{"type":"boolean"}}]	{"name":"hidden","schema":{"type":"boolean"}}
minecraft:serversettings/max_players	[]	{"name":"max","schema":{"type":"integer"}}
minecraft:serversettings/max_players/set	[{"name":"max","required":true,"schema":{"type":"integer"}}]	{"name":"max","schema":{"type":"integer"}}
minecraft:serversettings/motd	[]	{"name":"message","schema":{"type":"string"}}
minecraft:serversettings/motd/set	[{"name":"message","required":true,"schema":{"type":"string"}}]	{"name":"message","schema":{"type":"string"}}
minecraft:serversettings/operator_user_permission_level	[]	{"name":"level","schema":{"type":"integer"}}
minecraft:serversettings/operator_user_permission_level/set	[{"name":"level","required":true,"schema":{"type":"integer"}}]	{"name":"level","schema":{"type":"integer"}}
minecraft:serversettings/pause_when_empty_seconds	[]	{"name":"seconds","schema":{"type":"integer"}}
minecraft:serversettings/pause_when_empty_seconds/set	[{"name":"seconds","required":true,"schema":{"type":"integer"}}]	{"name":"seconds","schema":{"type":"integer"}}
minecraft:serversettings/player_idle_timeout	[]	{"name":"seconds","schema":{"type":"integer"}}
minecraft:serversettings/player_idle_timeout/set	[{"name":"seconds","required":true,"schema":{"type":"integer"}}]	{"name":"seconds","schema":{"type":"integer"}}
minecraft:serversettings/simulation_distance	[]	{"name":"distance","schema":{"type":"integer"}}
minecraft:serversettings/simulation_distance/set	[{"name":"distance","required":true,"schema":{"type":"integer"}}]	{"name":"distance","schema":{"type":"integer"}}
minecraft:serversettings/spawn_protection_radius	[]	{"name":"radius","schema":{"type":"integer"}}
minecraft:serversettings/spawn_protection_radius/set	[{"name":"radius","required":true,"schema":{"type":"integer"}}]	{"name":"radius","schema":{"type":"integer"}}
minecraft:serversettings/status_heartbeat_interval	[]	{"name":"seconds","schema":{"type":"integer"}}
minecraft:serversettings/status_heartbeat_interval/set	[{"name":"seconds","required":true,"schema":{"type":"integer"}}]	{"name":"seconds","schema":{"type":"integer"}}
minecraft:serversettings/status_replies	[]	{"name":"enabled","schema":{"type":"boolean"}}
minecraft:serversettings/status_replies/set	[{"name":"enable","required":true,"schema":{"type":"boolean"}}]	{"name":"enabled","schema":{"type":"boolean"}}
minecraft:serversettings/use_allowlist	[]	{"name":"used","schema":{"type":"boolean"}}
minecraft:serversettings/use_allowlist/set	[{"name":"use","required":true,"schema":{"type":"boolean"}}]	{"name":"used","schema":{"type":"boolean"}}
minecraft:serversettings/view_distance	[]	{"name":"distance","schema":{"type":"integer"}}
minecraft:serversettings/view_distance/set	[{"name":"distance","required":true,"schema":{"type":"integer"}}]	{"name":"distance","schema":{"type":"integer"}}
