pin	26.3	4f75fa335a12e34cf74be71ff6a0ee530b13233212423f5463bb26a2fe4f3cfc	35723
6883	minecraft:furnace	smelting	true	6884	6883	0
6884	minecraft:furnace	smelting	false	6884	6883	0
6885	minecraft:furnace	smelting	true	6886	6885	0
6886	minecraft:furnace	smelting	false	6886	6885	0
6887	minecraft:furnace	smelting	true	6888	6887	0
6888	minecraft:furnace	smelting	false	6888	6887	0
6889	minecraft:furnace	smelting	true	6890	6889	0
6890	minecraft:furnace	smelting	false	6890	6889	0
24111	minecraft:smoker	smoking	true	24112	24111	0
24112	minecraft:smoker	smoking	false	24112	24111	0
24113	minecraft:smoker	smoking	true	24114	24113	0
24114	minecraft:smoker	smoking	false	24114	24113	0
24115	minecraft:smoker	smoking	true	24116	24115	0
24116	minecraft:smoker	smoking	false	24116	24115	0
24117	minecraft:smoker	smoking	true	24118	24117	0
24118	minecraft:smoker	smoking	false	24118	24117	0
24119	minecraft:blast_furnace	blasting	true	24120	24119	0
24120	minecraft:blast_furnace	blasting	false	24120	24119	0
24121	minecraft:blast_furnace	blasting	true	24122	24121	0
24122	minecraft:blast_furnace	blasting	false	24122	24121	0
24123	minecraft:blast_furnace	blasting	true	24124	24123	0
24124	minecraft:blast_furnace	blasting	false	24124	24123	0
24125	minecraft:blast_furnace	blasting	true	24126	24125	0
24126	minecraft:blast_furnace	blasting	false	24126	24125	0
24234	minecraft:campfire	campfire	true	24238	24234	1
24235	minecraft:campfire	campfire	true	24239	24235	1
24236	minecraft:campfire	campfire	true	24240	24236	1
24237	minecraft:campfire	campfire	true	24241	24237	1
24238	minecraft:campfire	campfire	false	24238	24234	1
24239	minecraft:campfire	campfire	false	24239	24235	1
24240	minecraft:campfire	campfire	false	24240	24236	1
24241	minecraft:campfire	campfire	false	24241	24237	1
24242	minecraft:campfire	campfire	true	24246	24242	1
24243	minecraft:campfire	campfire	true	24247	24243	1
24244	minecraft:campfire	campfire	true	24248	24244	1
24245	minecraft:campfire	campfire	true	24249	24245	1
24246	minecraft:campfire	campfire	false	24246	24242	1
24247	minecraft:campfire	campfire	false	24247	24243	1
24248	minecraft:campfire	campfire	false	24248	24244	1
24249	minecraft:campfire	campfire	false	24249	24245	1
24250	minecraft:campfire	campfire	true	24254	24250	1
24251	minecraft:campfire	campfire	true	24255	24251	1
24252	minecraft:campfire	campfire	true	24256	24252	1
24253	minecraft:campfire	campfire	true	24257	24253	1
24254	minecraft:campfire	campfire	false	24254	24250	1
24255	minecraft:campfire	campfire	false	24255	24251	1
24256	minecraft:campfire	campfire	false	24256	24252	1
24257	minecraft:campfire	campfire	false	24257	24253	1
24258	minecraft:campfire	campfire	true	24262	24258	1
24259	minecraft:campfire	campfire	true	24263	24259	1
24260	minecraft:campfire	campfire	true	24264	24260	1
24261	minecraft:campfire	campfire	true	24265	24261	1
24262	minecraft:campfire	campfire	false	24262	24258	1
24263	minecraft:campfire	campfire	false	24263	24259	1
24264	minecraft:campfire	campfire	false	24264	24260	1
24265	minecraft:campfire	campfire	false	24265	24261	1
24266	minecraft:soul_campfire	campfire	true	24270	24266	2
24267	minecraft:soul_campfire	campfire	true	24271	24267	2
24268	minecraft:soul_campfire	campfire	true	24272	24268	2
24269	minecraft:soul_campfire	campfire	true	24273	24269	2
24270	minecraft:soul_campfire	campfire	false	24270	24266	2
24271	minecraft:soul_campfire	campfire	false	24271	24267	2
24272	minecraft:soul_campfire	campfire	false	24272	24268	2
24273	minecraft:soul_campfire	campfire	false	24273	24269	2
24274	minecraft:soul_campfire	campfire	true	24278	24274	2
24275	minecraft:soul_campfire	campfire	true	24279	24275	2
24276	minecraft:soul_campfire	campfire	true	24280	24276	2
24277	minecraft:soul_campfire	campfire	true	24281	24277	2
24278	minecraft:soul_campfire	campfire	false	24278	24274	2
24279	minecraft:soul_campfire	campfire	false	24279	24275	2
24280	minecraft:soul_campfire	campfire	false	24280	24276	2
24281	minecraft:soul_campfire	campfire	false	24281	24277	2
24282	minecraft:soul_campfire	campfire	true	24286	24282	2
24283	minecraft:soul_campfire	campfire	true	24287	24283	2
24284	minecraft:soul_campfire	campfire	true	24288	24284	2
24285	minecraft:soul_campfire	campfire	true	24289	24285	2
24286	minecraft:soul_campfire	campfire	false	24286	24282	2
24287	minecraft:soul_campfire	campfire	false	24287	24283	2
24288	minecraft:soul_campfire	campfire	false	24288	24284	2
24289	minecraft:soul_campfire	campfire	false	24289	24285	2
24290	minecraft:soul_campfire	campfire	true	24294	24290	2
24291	minecraft:soul_campfire	campfire	true	24295	24291	2
24292	minecraft:soul_campfire	campfire	true	24296	24292	2
24293	minecraft:soul_campfire	campfire	true	24297	24293	2
24294	minecraft:soul_campfire	campfire	false	24294	24290	2
24295	minecraft:soul_campfire	campfire	false	24295	24291	2
24296	minecraft:soul_campfire	campfire	false	24296	24292	2
24297	minecraft:soul_campfire	campfire	false	24297	24293	2
